{
  "MAE": 28.807142857142857,
  "MSE": 1592.5458333333333,
  "RMSE": 39.90671413851726
}